,,,,,"MEDICATION FORM"
"Field","Value",,,,
"Cat Name","Saffy P017",,,,
"Diagnosis","wound infection - elbow wound",,,,
"Treatment","Clavamox 1mL 2X/day for 14 days, med. in refrigerator in med. worm, continue e-collar",,,,
"CARE Contact/phone","Green",,,,
"Vet/Hospital/phone",,,,,
"Start Date",01/12/26,,,,
"End Date",01/26/26,,,,
,,,,,
"Date","A.M. Initials","P.M. Initials","Comments",,
01/12/26,,"TM","Easy Peasy",,
01/13/26,"JR/kp","QR",,,
01/14/26,"KT","kP",,,
01/15/26,"Kolu","NB",,,
01/16/26,"CL","mo",,,
01/17/26,"KT",,,,
01/18/26,,,,,
01/19/26,,,,,
01/20/26,,,,,
01/21/26,,,,,
01/22/26,,"@@@",,,
01/23/26,,,,,
01/24/26,,,,,
01/25/26,,,,,
01/26/26,,,,,
